[
  {
    "id": 1,
    "title": "Estagiário(a) de Direito – Advocacia Médica",
    "company": "Renata Villela Advocacia",
    "location": "Brasil (100% Remoto)",
    "type": "Estágio",
    "openingDate": "2025-07-15",
    "closingDate": "2099-12-31",
    "status": "Abertas",
    "description": "Oportunidade de estágio 100% remoto para estagiário(a) de Direito talentoso(a) e engajado(a), com foco em Advocacia Médica.",
    "requirements": [
      "Cursando entre o 5º e o 7º período da Faculdade de Direito.",
      "Excelente domínio da Língua Portuguesa.",
      "Proficiência avançada em ferramentas Google e Microsoft PowerPoint."
    ],
    "salary": "R$ 1.100,00 (Bolsa-auxílio)",
    "image": "estagio.jpg",
    "applicationLink": "https://www.linkedin.com/jobs/collections/recommended/?currentJobId=4264491706"
  },
  {
    "id": 2,
    "title": "Estagiário Jurídico",
    "company": "InBetta",
    "location": "Brasil (Remoto)",
    "type": "Estágio",
    "openingDate": "2025-07-15",
    "closingDate": "2099-12-31",
    "status": "Abertas",
    "description": "Oportunidade de estágio em uma empresa sólida, com foco em gerar soluções criativas e entregas de qualidade no setor jurídico.",
    "requirements": [
      "Ensino superior cursando em Direito.",
      "Domínio do Pacote Office.",
      "Disponibilidade para trabalhar das 10:30h às 17:30h."
    ],
    "salary": "Não especificada",
    "image": "inbetta.jpg",
    "applicationLink": "https://www.linkedin.com/jobs/collections/recommended/?currentJobId=4250814499"
  },
  {
    "id": 3,
    "title": "Estagiário de Direito a partir do 5º Semestre (100% remoto)",
    "company": "Lennon Félix Advocacia",
    "location": "Fortaleza, Ceará, Brasil (100% Remoto)",
    "type": "Estágio",
    "openingDate": "2025-07-15",
    "closingDate": "2099-12-31",
    "status": "Abertas",
    "description": "Oportunidade de estágio jurídico remoto e remunerado, focado em Direito Previdenciário com ênfase em Inovação e Inteligência Artificial.",
    "requirements": [
      "Cursando a partir do 5º ou 6º semestre de Direito, com disciplinas de Direito Previdenciário e Processo Civil já concluídas.",
      "Experiência prévia em escritório de advocacia com foco previdenciário ou departamento jurídico de órgãos públicos (diferencial).",
      "Familiaridade com sistemas do INSS (Meu INSS, CNIS), JEF, e-Proc e conhecimento básico em cálculos previdenciários.",
      "Noções sólidas sobre RGPS e RPPS."
    ],
    "salary": "Bolsa de Estágio compatível com o mercado jurídico",
    "image": "lennonfelix.jpg",
    "applicationLink": "https://www.linkedin.com/jobs/collections/recommended/?currentJobId=4264487063"
  },
  {
    "id": 4,
    "title": "Vaga Afirmativa para Pessoas Negras | Pessoa Estagiária de Direito",
    "company": "WWF-Brasil",
    "location": "Brasil (100% Remoto)",
    "type": "Estágio",
    "openingDate": "2025-07-15",
    "closingDate": "2099-12-31",
    "status": "Abertas",
    "description": "Oportunidade de vaga afirmativa para pessoas negras em estágio de Direito no WWF-Brasil, atuando em litigância estratégica e incidência política.",
    "requirements": [
      "Estar cursando Direito a partir do 4º semestre.",
      "Excelente redação jurídica.",
      "Boa comunicação escrita e oral.",
      "Conhecimentos básicos de direito e processo constitucional, direito ambiental, processual civil e direitos humanos."
    ],
    "salary": "Bolsa Auxílio: R$ 1.301,82/mês + Ajudas de Custo",
    "image": "wwf.jpg",
    "applicationLink": "https://www.linkedin.com/jobs/collections/recommended/?currentJobId=4263754975"
  },
  {
    "id": 5,
    "title": "Estágio em Direito para Contencioso Cível - 1º ou 2º ano",
    "company": "Lee, Brock, Camargo Advogados (LBCA)",
    "location": "Brasil (100% Remoto)",
    "type": "Estágio",
    "openingDate": "2025-07-15",
    "closingDate": "2099-12-31",
    "status": "Abertas",
    "description": "Oportunidade de estágio para estudantes de Direito do 1º ou 2º ano, com foco em Contencioso Cível.",
    "requirements": [
      "Cursando o 1º ou 2º ano da graduação em Direito (Obrigatório).",
      "Conhecimento intermediário no Pacote Office.",
      "Inglês em nível básico."
    ],
    "salary": "Não especificada",
    "image": "lbca.png",
    "applicationLink": "https://www.linkedin.com/jobs/collections/recommended/?currentJobId=4258163057"
  },
  {
    "id": 6,
    "title": "Estagiário(a) em Direito Internacional",
    "company": "Amorim",
    "location": "São Paulo, SP (Híbrido)",
    "type": "Estágio",
    "openingDate": "2025-07-15",
    "closingDate": "2099-12-31",
    "status": "Abertas",
    "description": "Oportunidade de estágio afirmativa (LGBTQIAP+, Pretas, Mulheres) para expandir conhecimento em direito internacional.",
    "requirements": [
      "Estar cursando graduação em Direito.",
      "Proficiência (falado e escrito) em Inglês e Português.",
      "Paixão por direito internacional e desejo de aprender."
    ],
    "salary": "Não especificada",
    "image": "estagio.jpg",
    "applicationLink": "https://www.linkedin.com/jobs/collections/recommended/?currentJobId=4245911392"
  },
  {
    "id": 7,
    "title": "Estágio Ensino Superior Direito (Contencioso)",
    "company": "Emais Urbanismo",
    "location": "São José do Rio Preto, SP (Remoto)",
    "type": "Estágio",
    "openingDate": "2025-07-15",
    "closingDate": "2099-12-31",
    "status": "Abertas",
    "description": "Oportunidade de estágio para estudantes de Direito para atuar no setor jurídico contencioso.",
    "requirements": [
      "Ensino Superior Cursando em Direito.",
      "Conhecimento básico em informática."
    ],
    "salary": "Não especificada",
    "image": "emais.png",
    "applicationLink": "https://www.linkedin.com/jobs/search/?currentJobId=4260641578"
  },
  {
    "id": 8,
    "title": "Graduate Legal Counsel - Tech Sector",
    "company": "Canonical",
    "location": "Remoto (Global)",
    "type": "Vagas para Advogados",
    "openingDate": "2025-07-15",
    "closingDate": "2099-12-31",
    "status": "Abertas",
    "description": "Oportunidade para recém-formado em Direito trabalhar com questões transacionais no setor de tecnologia e software (Ubuntu).",
    "requirements": [
      "Diploma em Direito (JD ou equivalente) e licença para exercer a advocacia.",
      "Inglês profissional (escrito e falado).",
      "Capacidade de viajar duas vezes por ano para eventos da empresa."
    ],
    "salary": "Não especificada",
    "image": "canonical.jpg",
    "applicationLink": "https://www.linkedin.com/jobs/search/?currentJobId=4233266993"
  },
  {
    "id": 9,
    "title": "Advogado(a) Cível | Execução",
    "company": "Urbano Vitalino Advogados",
    "location": "Brasil (100% Remoto)",
    "type": "Vagas para Advogados",
    "openingDate": "2025-07-15",
    "closingDate": "2099-12-31",
    "status": "Abertas",
    "description": "Oportunidade para Advogado(a) Cível com experiência em execução para atuar em uma das maiores bancas do país (GPTW).",
    "requirements": [
      "Análise de processos na fase de cumprimento de sentença.",
      "Elaboração de pareceres técnicos.",
      "Conhecimento em cálculos e experiência em execução judicial."
    ],
    "salary": "Não especificada",
    "image": "advogado.jpg",
    "applicationLink": "https://www.linkedin.com/jobs/search/?currentJobId=4256928512"
  },
  {
    "id": 10,
    "title": "Banco de Talentos: Advogado(a) Júnior | Trabalhista Massificado",
    "company": "Chenut",
    "location": "Belo Horizonte, MG (100% Remoto)",
    "type": "Vagas para Advogados",
    "openingDate": "2025-07-15",
    "closingDate": "2099-12-31",
    "status": "Abertas",
    "description": "Banco de talentos para atuar na área Trabalhista Massificado em um ambiente inovador (GPTW), em regime de contratação PJ.",
    "requirements": [
      "Graduação em Direito.",
      "OAB ativa.",
      "Experiência profissional na área trabalhista massificada.",
      "Disponibilidade imediata."
    ],
    "salary": "Compatível com o mercado + Bônus",
    "image": "urbano.png",
    "applicationLink": "https://www.linkedin.com/jobs/search/?currentJobId=4262655224"
  },
  {
    "id": 11,
    "title": "Advogado Júnior",
    "company": "Vianna Marinho Lavatori Advogados",
    "location": "Rio de Janeiro, RJ (Híbrido)",
    "type": "Vagas para Advogados",
    "openingDate": "2025-07-15",
    "closingDate": "2099-12-31",
    "status": "Abertas",
    "description": "O escritório busca Advogado(a) Júnior para atuar em regime híbrido como sócio de serviço, com foco em contratos e consultoria empresarial.",
    "requirements": [
      "Registro ativo na OAB/RJ.",
      "Experiência prévia em contratos e consultoria jurídica empresarial.",
      "Conhecimento intermediário/avançado em Microsoft Word e Excel."
    ],
    "salary": "Não especificada",
    "image": "vianna.png",
    "applicationLink": "https://www.linkedin.com/jobs/search/?currentJobId=4262543034"
  },
  {
    "id": 12,
    "title": "Advogado(a) | Consumidor",
    "company": "Queiroz Cavalcanti Advocacia (QCA)",
    "location": "Brasil (Remoto)",
    "type": "Vagas para Advogados",
    "openingDate": "2025-07-15",
    "closingDate": "2099-12-31",
    "status": "Abertas",
    "description": "Um dos escritórios mais premiados do país busca Advogado(a) para atuar na área de Direito do Consumidor, em ambiente que estimula criatividade e tecnologia.",
    "requirements": [
      "OAB ativa.",
      "Superior em Direito.",
      "Afinidade com a matéria (Direito do Consumidor).",
      "Experiência com controle de prazos.",
      "Disponibilidade em horário integral."
    ],
    "salary": "Não especificada",
    "image": "qca.png",
    "applicationLink": "https://www.linkedin.com/jobs/search/?currentJobId=4253338344"
  },
  {
    "id": 13,
    "title": "Advogado(a) Júnior",
    "company": "Zurano & Rizzo Advogados",
    "location": "São Paulo, SP (100% Remoto)",
    "type": "Vagas para Advogados",
    "openingDate": "2025-07-15",
    "closingDate": "2099-12-31",
    "status": "Abertas",
    "description": "Escritório especializado em seguros busca Advogado(a) Júnior para atuar na controladoria jurídica e em atividades de suporte.",
    "requirements": [
      "Morar dentro do estado de São Paulo.",
      "Organização, proatividade e boa comunicação interpessoal.",
      "Formação em Direito.",
      "Experiência prévia com atividades de controladoria."
    ],
    "salary": "Não especificada",
    "image": "zurano.jpg",
    "applicationLink": "https://www.linkedin.com/jobs/search/?currentJobId=4265519940"
  },
  {
    "id": 14,
    "title": "Banco de Talentos - Área Jurídica",
    "company": "Machado Meyer Advogados",
    "location": "São Paulo, SP (Presencial)",
    "type": "Vagas para Advogados",
    "openingDate": "2025-07-15",
    "closingDate": "2099-12-31",
    "status": "Abertas",
    "description": "Banco de talentos para futuras oportunidades no Machado Meyer Advogados, escritório reconhecido como Top Employer.",
    "requirements": [
      "Não especificados, presume-se qualificações na área jurídica."
    ],
    "salary": "Não especificada",
    "image": "machadomeyer.jpg",
    "applicationLink": "https://www.linkedin.com/jobs/search/?currentJobId=4090974636"
  },
  {
    "id": 15,
    "title": "Advogado Consumerista Júnior",
    "company": "Radar da Gestão",
    "location": "Aracaju, SE (Presencial)",
    "type": "Vagas para Advogados",
    "openingDate": "2025-07-15",
    "closingDate": "2099-12-31",
    "status": "Abertas",
    "description": "Oportunidade para Advogado Consumerista Júnior em Aracaju, com responsabilidades em análise de peças, atendimento ao cliente e audiências.",
    "requirements": [
      "Graduação em Direito.",
      "Experiência com direito do consumidor.",
      "Conhecimento intermediário do Pacote Office.",
      "Excelentes habilidades de comunicação verbal e escrita."
    ],
    "salary": "R$ 4.000/mês",
    "image": "advogado.jpg",
    "applicationLink": "https://www.linkedin.com/jobs/collections/recommended/?currentJobId=4260051758"
  },
  {
    "id": 16,
    "title": "Bilingual Legal Assistant",
    "company": "Virtual Latinos",
    "location": "Brasil (100% Remoto)",
    "type": "Vagas para Advogados",
    "openingDate": "2025-07-15",
    "closingDate": "2099-12-31",
    "status": "Abertas",
    "description": "Empresa americana busca Assistente Jurídico Bilíngue na América Latina para dar suporte a advogados nos EUA e Canadá.",
    "requirements": [
      "1 ano de experiência na área e/ou diploma relacionado.",
      "Excelentes habilidades de comunicação escrita e verbal em Inglês.",
      "Fortes habilidades organizacionais e atenção meticulosa aos detalhes."
    ],
    "salary": "$8 - $12 USD / hora",
    "image": "radar.jpg",
    "applicationLink": "https://www.linkedin.com/jobs/collections/recommended/?currentJobId=4256082063"
  },
  {
    "id": 17,
    "title": "Assistente Jurídico",
    "company": "Lima e Falcão Advogados",
    "location": "Recife, PE (Híbrido)",
    "type": "Vagas para Advogados",
    "openingDate": "2025-07-15",
    "closingDate": "2099-12-31",
    "status": "Abertas",
    "description": "Vaga para Assistente Jurídico com foco em contencioso cível, incluindo atuação na fase de execução e elaboração de cálculos.",
    "requirements": [
      "Graduação em Direito (concluída).",
      "Mínimo de experiência com contencioso cível e na fase de execução.",
      "Vivência na elaboração de cálculos judiciais e recursos de execução.",
      "Conhecimento básico de Excel."
    ],
    "salary": "Não especificada",
    "image": "advogado.jpg",
    "applicationLink": "https://www.linkedin.com/jobs/collections/recommended/?currentJobId=4257194374"
  },
  {
    "id": 18,
    "title": "Advogado Pleno/Sênior – Consultivo Empresarial e Societário",
    "company": "Mendes Advocacia e Consultoria",
    "location": "Brasil (100% Remoto)",
    "type": "Vagas para Advogados",
    "openingDate": "2025-07-15",
    "closingDate": "2099-12-31",
    "status": "Abertas",
    "description": "Busca por advogado(a) Pleno/Sênior com experiência em consultivo empresarial e societário para traduzir complexidades jurídicas em soluções estratégicas.",
    "requirements": [
      "Formação completa em Direito, com registro regular na OAB.",
      "Experiência comprovada de, no mínimo, 2 anos na área consultiva empresarial e societária.",
      "Sólidos conhecimentos em direito societário, contratos empresariais e governança corporativa."
    ],
    "salary": "Não especificada",
    "image": "mendes.jpg",
    "applicationLink": "https://www.linkedin.com/jobs/collections/recommended/?currentJobId=4256496260"
  },
  {
    "id": 19,
    "title": "[Jurídico] Especialista Jurídico",
    "company": "Contabilizei",
    "location": "Brasil (100% Remoto)",
    "type": "Vagas para Advogados",
    "openingDate": "2025-07-15",
    "closingDate": "2099-12-31",
    "status": "Abertas",
    "description": "Busca por Especialista Jurídico com perfil técnico e inovador para gestão e negociação de contratos financeiros, seguros, parcerias e tecnologia.",
    "requirements": [
      "Pós-Graduação completa.",
      "Experiência sólida com negociações contratuais (Financeira, Tecnologia, Parcerias).",
      "Experiência em Visual Law e Legal Design.",
      "Conhecimento de contabilidade aplicada ao direito contratual."
    ],
    "salary": "Não especificada",
    "image": "contabilizei.jpg",
    "applicationLink": "https://www.linkedin.com/jobs/collections/recommended/?currentJobId=4251670306"
  },
  {
    "id": 20,
    "title": "Paralegal (Work From Home)",
    "company": "Persona",
    "location": "América Latina (100% Remoto)",
    "type": "Vagas para Advogados",
    "openingDate": "2025-07-15",
    "closingDate": "2099-12-31",
    "status": "Abertas",
    "description": "Agência de talentos busca Paralegal para dar suporte a advogados, com forte compreensão dos procedimentos legais dos EUA.",
    "requirements": [
      "Forte compreensão dos procedimentos legais dos EUA.",
      "Fluência total em Inglês.",
      "Capacidade de trabalhar durante o horário comercial dos EUA.",
      "Proficiência em software de gerenciamento de casos e pesquisa jurídica."
    ],
    "salary": "Salários competitivos",
    "image": "persona.jpg",
    "applicationLink": "https://www.linkedin.com/jobs/search/?currentJobId=4266188710"
  },
  {
    "id": 21,
    "title": "Analista Júnior de Responsabilidade Social Corporativa - Pro bono",
    "company": "Machado Meyer Advogados",
    "location": "São Paulo, SP (Híbrido)",
    "type": "Vagas para Advogados",
    "openingDate": "2025-07-15",
    "closingDate": "2099-12-31",
    "status": "Abertas",
    "description": "Oportunidade para Analista Júnior com foco em pro bono em um dos principais escritórios do país (Top Employer).",
    "requirements": [
      "Formação completa em Direito.",
      "OAB regular.",
      "Inglês entre avançado/fluente.",
      "Experiência prévia com gestão e atuação em casos pro bono."
    ],
    "salary": "Não especificada",
    "image": "machadomeyer.jpg",
    "applicationLink": "https://www.linkedin.com/jobs/search/?currentJobId=4253961466"
  },
  {
    "id": 22,
    "title": "Eventos da EMERJ",
    "company": "EMERJ",
    "location": "Online / Rio de Janeiro",
    "type": "Eventos",
    "openingDate": "2025-07-15",
    "closingDate": "2025-08-04",
    "status": "Abertas",
    "description": "A EMERJ organiza eventos sobre temas jurídicos atuais em julho e agosto de 2025. Muitos são abertos ao público e oferecem certificados.",
    "requirements": [],
    "salary": "Gratuito/Pago",
    "image": "emerj.png",
    "applicationLink": "https://emerj.tjrj.jus.br/eventos"
  },
  {
    "id": 23,
    "title": "CONSINTER 2025 - Congressos Internacionais de Direito",
    "company": "CONSINTER",
    "location": "Presencial/Online",
    "type": "Congresso",
    "openingDate": "2025-07-15",
    "closingDate": "2099-12-31",
    "status": "Abertas",
    "description": "Congressos internacionais de Direito no segundo semestre de 2025, com opções de participação presencial/online e publicação de artigos.",
    "requirements": [],
    "salary": "Pago",
    "image": "consinter.jpg",
    "applicationLink": "https://consinter.org/2025/"
  },
  {
    "id": 24,
    "title": "XXII Congresso Internacional de Direitos Humanos",
    "company": "UFMS",
    "location": "Campo Grande, MS (Híbrido)",
    "type": "Congresso",
    "openingDate": "2025-07-15",
    "closingDate": "2025-08-22",
    "status": "Abertas",
    "description": "Congresso focado em Direitos Humanos, com temas como desenvolvimento sustentável e ação climática. Ocorre de 19 a 22 de agosto de 2025.",
    "requirements": [],
    "salary": "Pago",
    "image": "direitos-humanos.png",
    "applicationLink": "https://www.even3.com.br/cidh-2025/"
  },
  {
    "id": 25,
    "title": "XIII Congresso Intercontinental de Direito Civil",
    "company": "Notorium Play",
    "location": "Online",
    "type": "Congresso",
    "openingDate": "2025-07-15",
    "closingDate": "2025-10-23",
    "status": "Abertas",
    "description": "Congresso focado em Direito Civil Comparado, com professores brasileiros e portugueses. Ocorre de 21 a 23 de outubro de 2025.",
    "requirements": [],
    "salary": "Pago",
    "image": "intCivil.jpg",
    "applicationLink": "https://congressointercontinental.com.br/"
  },
  {
    "id": 26,
    "title": "Agenda de Eventos do IBDFAM",
    "company": "IBDFAM",
    "location": "Diversos estados do Brasil",
    "type": "Congresso",
    "openingDate": "2025-07-15",
    "closingDate": "2025-11-30",
    "status": "Abertas",
    "description": "O IBDFAM organiza congressos e seminários sobre Direito das Famílias e Sucessões de agosto a novembro de 2025.",
    "requirements": [],
    "salary": "Pago",
    "image": "ibdfam.jpg",
    "applicationLink": "https://ibdfam.org.br/noticias/12017/Eventos+do+IBDFAM%3A+calend%C3%A1rio+do+segundo+semestre+inclui+congressos+por+todo+o+Brasil%3B+confira+e+inscreva-se"
  },
  {
    "id": 27,
    "title": "31º Seminário Internacional de Ciências Criminais",
    "company": "IBCCRIM",
    "location": "São Paulo, SP",
    "type": "Congresso",
    "openingDate": "2025-07-15",
    "closingDate": "2025-08-29",
    "status": "Abertas",
    "description": "Importante evento de Ciências Criminais, abordando temas atuais do Direito Penal e Processo Penal. Ocorre de 27 a 29 de agosto de 2025.",
    "requirements": [],
    "salary": "Pago",
    "image": "cienciasCriminais.png",
    "applicationLink": "https://seminario31.ibccrim.org.br/"
  },
  {
    "id": 28,
    "title": "XV Congresso Brasileiro de Direito das Famílias e Sucessões",
    "company": "IBDFAM",
    "location": "Belo Horizonte, MG",
    "type": "Congresso",
    "openingDate": "2025-07-15",
    "closingDate": "2025-10-31",
    "status": "Abertas",
    "description": "Grande congresso anual do IBDFAM com foco em 'Multiculturalismo' e temas contemporâneos. Ocorre de 29 a 31 de outubro de 2025.",
    "requirements": [],
    "salary": "Pago",
    "image": "ibdfam.jpg",
    "applicationLink": "https://ibdfam.org.br/congresso2025/"
  },
  {
    "id": 29,
    "title": "Fenalaw 2025",
    "company": "Fenalaw",
    "location": "São Paulo, SP",
    "type": "Congresso",
    "openingDate": "2025-08-01",
    "closingDate": "2025-10-24",
    "status": "Em Breve",
    "description": "Maior feira jurídica da América Latina, com palestras e networking. Ocorre de 22 a 24 de outubro de 2025. Inscrições abrem em breve.",
    "requirements": [],
    "salary": "Pago",
    "image": "fenalaw.png",
    "applicationLink": "https://www.fenalaw.com.br/"
  },
  {
    "id": 30,
    "title": "Publicação na Revista Direito e Praxis (UFRJ)",
    "company": "UFRJ",
    "location": "Online",
    "type": "Publicação Acadêmica",
    "openingDate": "2025-07-15",
    "closingDate": "2099-12-31",
    "status": "Abertas",
    "description": "Revista interdisciplinar (Qualis A1) com submissão em fluxo contínuo para artigos de Direito e sociologia jurídica.",
    "requirements": ["Artigos originais"],
    "salary": "Gratuito",
    "image": "direitoepraxis.png",
    "applicationLink": "https://www.e-publicacoes.uerj.br/index.php/revistaceaju"
  },
  {
    "id": 31,
    "title": "Publicação na Revista Direito Público (IDP)",
    "company": "IDP",
    "location": "Online",
    "type": "Publicação Acadêmica",
    "openingDate": "2025-07-15",
    "closingDate": "2099-12-31",
    "status": "Abertas",
    "description": "Revista focada em Direito Público que aceita artigos originais com abordagens inovadoras em fluxo contínuo.",
    "requirements": ["Artigos originais e inéditos"],
    "salary": "Gratuito",
    "image": "idp.jpg",
    "applicationLink": "https://www.portaldeperiodicos.idp.edu.br/direitopublico/about/submissions"
  },
  {
    "id": 32,
    "title": "Publicação na Revista Meritum (FUMEC)",
    "company": "Universidade FUMEC",
    "location": "Online",
    "type": "Publicação Acadêmica",
    "openingDate": "2025-07-15",
    "closingDate": "2099-12-31",
    "status": "Abertas",
    "description": "Periódico do PPGD da FUMEC (Qualis A3) que publica artigos na área do Direito em fluxo contínuo.",
    "requirements": ["Artigos na área do Direito"],
    "salary": "Gratuito",
    "image": "publicacao.jpg",
    "applicationLink": "https://revista.fumec.br/index.php/meritum/about/submissions"
  },
  {
    "id": 33,
    "title": "Publicação na Revista de Estudos Jurídicos da UNESP",
    "company": "UNESP",
    "location": "Online",
    "type": "Publicação Acadêmica",
    "openingDate": "2025-07-15",
    "closingDate": "2099-12-31",
    "status": "Abertas",
    "description": "Publicação do PPGD da UNESP que recebe artigos, resenhas e traduções em fluxo contínuo.",
    "requirements": ["Conhecimento jurídico crítico, original e inovador"],
    "salary": "Gratuito",
    "image": "rej.png",
    "applicationLink": "https://periodicos.franca.unesp.br/index.php/estudosjuridicosunesp/about"
  },
  {
    "id": 34,
    "title": "Publicação na Revista Brasileira de Direito Urbanístico (RBDU)",
    "company": "IBDU",
    "location": "Online",
    "type": "Publicação Acadêmica",
    "openingDate": "2025-07-15",
    "closingDate": "2099-12-31",
    "status": "Abertas",
    "description": "Periódico científico sobre políticas de urbanização e regulação do espaço. Submissão em fluxo contínuo.",
    "requirements": ["Ao menos um dos autores deve ter título de doutor(a)"],
    "salary": "Gratuito",
    "image": "rbdu.png",
    "applicationLink": "https://ibdu.org.br/2024/03/28/rbdu-chamada-para-publicacao-em-fluxo-continuo/"
  },
  {
    "id": 35,
    "title": "Publicação na Revista Jurídica Facesf",
    "company": "Facesf",
    "location": "Online",
    "type": "Publicação Acadêmica",
    "openingDate": "2025-07-15",
    "closingDate": "2099-12-31",
    "status": "Abertas",
    "description": "Publicação de fluxo contínuo que aborda diversas questões de interesse jurídico.",
    "requirements": ["Artigos jurídicos"],
    "salary": "Gratuito",
    "image": "publicacao.jpg",
    "applicationLink": "https://periodicosfacesf.com.br/index.php/revistajuridicafacesf/issue/current"
  },
  {
    "id": 36,
    "title": "Publicação na Revista de Direito (UFV)",
    "company": "UFV",
    "location": "Online",
    "type": "Publicação Acadêmica",
    "openingDate": "2025-07-15",
    "closingDate": "2099-12-31",
    "status": "Abertas",
    "description": "Publica artigos que abordam temas diversos do Direito em fluxo contínuo.",
    "requirements": ["Artigos que sigam os padrões de formatação da revista"],
    "salary": "Gratuito",
    "image": "ufv.jpg",
    "applicationLink": "https://periodicos.ufv.br/revistadir/about/submissions"
  },
  {
    "id": 37,
    "title": "Publicação na Revista de Direito Brasileira",
    "company": "Index Law Journals",
    "location": "Online",
    "type": "Publicação Acadêmica",
    "openingDate": "2025-07-15",
    "closingDate": "2099-12-31",
    "status": "Abertas",
    "description": "Visa fomentar o estudo de questões relevantes da jurisdição constitucional e Direito Contemporâneo. Publica em fluxo contínuo.",
    "requirements": ["Artigos sobre os temas da revista"],
    "salary": "Gratuito",
    "image": "rdb.jpg",
    "applicationLink": "https://www.indexlaw.org/index.php/rdb"
  },
  {
    "id": 38,
    "title": "Chamada para Capítulo de Livro: O Futuro dos Direitos Fundamentais",
    "company": "Editora Científica",
    "location": "Online",
    "type": "Publicação Acadêmica",
    "openingDate": "2025-07-15",
    "closingDate": "2025-08-05",
    "status": "Abertas",
    "description": "Livro coletivo sobre os impactos e inovações legislativas relacionadas aos Direitos Fundamentais.",
    "requirements": ["Artigos e revisões sobre o tema"],
    "salary": "Taxa de Publicação (APC): R$ 249,00",
    "image": "cientifica.jpg",
    "applicationLink": "https://www.editoracientifica.com.br/books/chamadas/o-futuro-dos-direitos-fundamentais-impactos-conflitos-e-inovacoes-legislativas"
  },
  {
    "id": 39,
    "title": "Chamada para Capítulo de Livro: Responsabilidade Civil no Direito Bancário",
    "company": "Editora Científica",
    "location": "Online",
    "type": "Publicação Acadêmica",
    "openingDate": "2025-07-15",
    "closingDate": "2025-08-05",
    "status": "Abertas",
    "description": "Livro coletivo sobre responsabilidade civil no Direito Bancário, com foco em estudos de caso e perspectivas.",
    "requirements": ["Artigos e revisões sobre o tema"],
    "salary": "Taxa de Publicação (APC): R$ 249,00",
    "image": "cientifica.jpg",
    "applicationLink": "https://www.editoracientifica.com.br/books/chamadas/responsabilidade-civil-no-contexto-do-direito-bancario-estudos-de-caso-e-perspectivas"
  },
  {
    "id": 40,
    "title": "Chamada para Capítulo de Livro: Inovações Jurídicas e Direito Contemporâneo",
    "company": "Editora Científica",
    "location": "Online",
    "type": "Publicação Acadêmica",
    "openingDate": "2025-07-15",
    "closingDate": "2025-08-05",
    "status": "Abertas",
    "description": "Livro coletivo sobre inovações jurídicas e suas interconexões com sociedade, economia e tecnologia.",
    "requirements": ["Artigos e revisões sobre o tema"],
    "salary": "Taxa de Publicação (APC): R$ 249,00",
    "image": "cientifica.jpg",
    "applicationLink": "https://www.editoracientifica.com.br/books/chamadas/inovacoes-juridicas-e-direito-contemporaneo-reflexoes-sobre-sociedade-economia-e-tecnologia"
  },
  {
    "id": 41,
    "title": "Philip C. Jessup International Law Moot Court Competition",
    "company": "Jessup Brazil",
    "location": "Internacional",
    "type": "Competição",
    "openingDate": "2024-09-01",
    "closingDate": "2025-01-15",
    "status": "Encerradas",
    "description": "A maior competição de Direito Internacional. As inscrições para a temporada 2025-2026 abrem no segundo semestre de 2025.",
    "requirements": ["Equipes de universidades"],
    "salary": "Não aplicável",
    "image": "jessup.jpg",
    "applicationLink": "https://www.braziljessup.com/"
  },
  {
    "id": 42,
    "title": "Willem C. Vis International Commercial Arbitration Moot",
    "company": "Vis Moot",
    "location": "Internacional",
    "type": "Competição",
    "openingDate": "2025-10-01",
    "closingDate": "2099-12-31",
    "status": "Em Breve",
    "description": "Competição focada em arbitragem comercial internacional. Inscrições para a próxima edição (2025-2026) abrem no final do ano.",
    "requirements": ["Equipes de universidades"],
    "salary": "Não aplicável",
    "image": "vis.jpg",
    "applicationLink": "https://www.vismoot.org/"
  },
  {
    "id": 43,
    "title": "1º STF Moot",
    "company": "Supremo Tribunal Federal",
    "location": "Brasília, DF",
    "type": "Competição",
    "openingDate": "2025-04-01",
    "closingDate": "2025-06-16",
    "status": "Encerradas",
    "description": "Primeira edição da competição que simula um julgamento no STF. O prazo para envio de memoriais encerrou em 16 de junho de 2025.",
    "requirements": ["Equipes de universidades"],
    "salary": "Não aplicável",
    "image": "stf.jpg",
    "applicationLink": "https://noticias.stf.jus.br/postsnoticias/1o-stf-moot-divulga-novo-cronograma/"
  },
  {
    "id": 44,
    "title": "Moot Experience (Moot de Direito Tributário)",
    "company": "Moot Brasileiro",
    "location": "Salvador, BA",
    "type": "Competição",
    "openingDate": "2025-03-01",
    "closingDate": "2025-06-30",
    "status": "Encerradas",
    "description": "Simulação de casos de Direito Tributário. A inscrição para a edição de 2025 encerrou em 30 de junho de 2025.",
    "requirements": ["Equipes de estudantes de Direito"],
    "salary": "Não aplicável",
    "image": "experience.jpg",
    "applicationLink": "https://www.mootbrasileiro.com.br/"
  },
  {
    "id": 45,
    "title": "Competição de Julgamento Simulado do Sistema Interamericano (IAMOOT)",
    "company": "American University",
    "location": "Washington, D.C.",
    "type": "Competição",
    "openingDate": "2025-11-01",
    "closingDate": "2099-12-31",
    "status": "Em Breve",
    "description": "Simula um caso perante a Corte Interamericana de Direitos Humanos. Inscrições para 2026 abrem em novembro de 2025.",
    "requirements": ["Equipes de universidades"],
    "salary": "Não aplicável",
    "image": "competicao.jpg",
    "applicationLink": "https://www.american.edu/wcl/impact/initiatives-programs/hracademy/portugues/"
  },
  {
    "id": 46,
    "title": "Campeonato Mundial de Debates em Língua Portuguesa (CMDLP)",
    "company": "IBD",
    "location": "São Paulo, SP",
    "type": "Competição",
    "openingDate": "2025-04-01",
    "closingDate": "2025-06-22",
    "status": "Encerradas",
    "description": "O maior torneio de debates em língua portuguesa. A edição de 2025 ocorreu de 19 a 22 de junho.",
    "requirements": ["Debatedores"],
    "salary": "Não aplicável",
    "image": "competicao.jpg",
    "applicationLink": "https://www.sympla.com.br/evento/campeonato-mundial-de-debates-em-lingua-portuguesa-2025/2968011"
  },
  {
    "id": 47,
    "title": "Seleção Brasileira de Debates (WSDC)",
    "company": "IBD",
    "location": "Nacional",
    "type": "Competição",
    "openingDate": "2025-11-01",
    "closingDate": "2099-12-31",
    "status": "Em Breve",
    "description": "Processo seletivo para a equipe que representa o Brasil no World Schools Debating Championship. Seletiva para 2026 abre no segundo semestre de 2025.",
    "requirements": ["Jovens talentos em debate"],
    "salary": "Não aplicável",
    "image": "ibd.jpg",
    "applicationLink": "https://niddedigital.com/ibd-abre-seletiva-para-selecao-brasileira-de-debates/"
  }
]